cell,category,aspect,feature,importance,rank
nk-bpo,nk,bpo,neighbor_vote_fraction,100956.3965,1
nk-bpo,nk,bpo,k_position,35581.0301,2
nk-bpo,nk,bpo,evidence_code,24590.1076,3
nk-bpo,nk,bpo,go_term_frequency,21696.6934,4
nk-bpo,nk,bpo,ref_annotation_density,18939.8234,5
nk-bpo,nk,bpo,vote_count,15843.1083,6
nk-bpo,nk,bpo,neighbor_distance_std,10049.0938,7
nk-bpo,nk,bpo,neighbor_mean_distance,8593.6734,8
nk-bpo,nk,bpo,neighbor_min_distance,7490.5839,9
nk-bpo,nk,bpo,distance,4756.5397,10
nk-bpo,nk,bpo,qualifier,382.1980,11
nk-bpo,nk,bpo,identity_nw,0.0000,12
nk-bpo,nk,bpo,similarity_nw,0.0000,13
nk-bpo,nk,bpo,alignment_score_nw,0.0000,14
nk-bpo,nk,bpo,gaps_pct_nw,0.0000,15
nk-bpo,nk,bpo,alignment_length_nw,0.0000,16
nk-bpo,nk,bpo,identity_sw,0.0000,17
nk-bpo,nk,bpo,similarity_sw,0.0000,18
nk-bpo,nk,bpo,alignment_score_sw,0.0000,19
nk-bpo,nk,bpo,gaps_pct_sw,0.0000,20
nk-bpo,nk,bpo,alignment_length_sw,0.0000,21
nk-bpo,nk,bpo,length_query,0.0000,22
nk-bpo,nk,bpo,length_ref,0.0000,23
nk-bpo,nk,bpo,taxonomic_distance,0.0000,24
nk-bpo,nk,bpo,taxonomic_common_ancestors,0.0000,25
nk-bpo,nk,bpo,tax_voters_same_frac,0.0000,26
nk-bpo,nk,bpo,tax_voters_close_frac,0.0000,27
nk-bpo,nk,bpo,tax_voters_mean_common_ancestors,0.0000,28
nk-bpo,nk,bpo,lineage_is_ancestor_of_known,0.0000,29
nk-bpo,nk,bpo,lineage_is_descendant_of_known,0.0000,30
nk-bpo,nk,bpo,lineage_ancestor_of_count,0.0000,31
nk-bpo,nk,bpo,lineage_descendant_of_count,0.0000,32
nk-bpo,nk,bpo,taxonomic_relation,0.0000,33
nk-bpo,nk,bpo,aspect,0.0000,34
nk-mfo,nk,mfo,neighbor_vote_fraction,57433.6184,1
nk-mfo,nk,mfo,go_term_frequency,33830.5877,2
nk-mfo,nk,mfo,evidence_code,26095.6129,3
nk-mfo,nk,mfo,vote_count,16262.0619,4
nk-mfo,nk,mfo,k_position,13149.1575,5
nk-mfo,nk,mfo,ref_annotation_density,7085.8090,6
nk-mfo,nk,mfo,neighbor_distance_std,4412.5597,7
nk-mfo,nk,mfo,neighbor_mean_distance,3876.9943,8
nk-mfo,nk,mfo,neighbor_min_distance,2383.1082,9
nk-mfo,nk,mfo,distance,1864.0303,10
nk-mfo,nk,mfo,qualifier,1482.9246,11
nk-mfo,nk,mfo,identity_nw,0.0000,12
nk-mfo,nk,mfo,similarity_nw,0.0000,13
nk-mfo,nk,mfo,alignment_score_nw,0.0000,14
nk-mfo,nk,mfo,gaps_pct_nw,0.0000,15
nk-mfo,nk,mfo,alignment_length_nw,0.0000,16
nk-mfo,nk,mfo,identity_sw,0.0000,17
nk-mfo,nk,mfo,similarity_sw,0.0000,18
nk-mfo,nk,mfo,alignment_score_sw,0.0000,19
nk-mfo,nk,mfo,gaps_pct_sw,0.0000,20
nk-mfo,nk,mfo,alignment_length_sw,0.0000,21
nk-mfo,nk,mfo,length_query,0.0000,22
nk-mfo,nk,mfo,length_ref,0.0000,23
nk-mfo,nk,mfo,taxonomic_distance,0.0000,24
nk-mfo,nk,mfo,taxonomic_common_ancestors,0.0000,25
nk-mfo,nk,mfo,tax_voters_same_frac,0.0000,26
nk-mfo,nk,mfo,tax_voters_close_frac,0.0000,27
nk-mfo,nk,mfo,tax_voters_mean_common_ancestors,0.0000,28
nk-mfo,nk,mfo,lineage_is_ancestor_of_known,0.0000,29
nk-mfo,nk,mfo,lineage_is_descendant_of_known,0.0000,30
nk-mfo,nk,mfo,lineage_ancestor_of_count,0.0000,31
nk-mfo,nk,mfo,lineage_descendant_of_count,0.0000,32
nk-mfo,nk,mfo,taxonomic_relation,0.0000,33
nk-mfo,nk,mfo,aspect,0.0000,34
nk-cco,nk,cco,neighbor_vote_fraction,40621.8328,1
nk-cco,nk,cco,go_term_frequency,25183.2022,2
nk-cco,nk,cco,k_position,15774.0958,3
nk-cco,nk,cco,evidence_code,13242.2660,4
nk-cco,nk,cco,vote_count,10989.1528,5
nk-cco,nk,cco,ref_annotation_density,6649.8283,6
nk-cco,nk,cco,neighbor_mean_distance,5220.9715,7
nk-cco,nk,cco,neighbor_distance_std,5207.1851,8
nk-cco,nk,cco,neighbor_min_distance,4062.5391,9
nk-cco,nk,cco,distance,2224.6868,10
nk-cco,nk,cco,qualifier,2037.4274,11
nk-cco,nk,cco,identity_nw,0.0000,12
nk-cco,nk,cco,similarity_nw,0.0000,13
nk-cco,nk,cco,alignment_score_nw,0.0000,14
nk-cco,nk,cco,gaps_pct_nw,0.0000,15
nk-cco,nk,cco,alignment_length_nw,0.0000,16
nk-cco,nk,cco,identity_sw,0.0000,17
nk-cco,nk,cco,similarity_sw,0.0000,18
nk-cco,nk,cco,alignment_score_sw,0.0000,19
nk-cco,nk,cco,gaps_pct_sw,0.0000,20
nk-cco,nk,cco,alignment_length_sw,0.0000,21
nk-cco,nk,cco,length_query,0.0000,22
nk-cco,nk,cco,length_ref,0.0000,23
nk-cco,nk,cco,taxonomic_distance,0.0000,24
nk-cco,nk,cco,taxonomic_common_ancestors,0.0000,25
nk-cco,nk,cco,tax_voters_same_frac,0.0000,26
nk-cco,nk,cco,tax_voters_close_frac,0.0000,27
nk-cco,nk,cco,tax_voters_mean_common_ancestors,0.0000,28
nk-cco,nk,cco,lineage_is_ancestor_of_known,0.0000,29
nk-cco,nk,cco,lineage_is_descendant_of_known,0.0000,30
nk-cco,nk,cco,lineage_ancestor_of_count,0.0000,31
nk-cco,nk,cco,lineage_descendant_of_count,0.0000,32
nk-cco,nk,cco,taxonomic_relation,0.0000,33
nk-cco,nk,cco,aspect,0.0000,34
lk-bpo,lk,bpo,neighbor_vote_fraction,66803.0706,1
lk-bpo,lk,bpo,k_position,24925.4200,2
lk-bpo,lk,bpo,evidence_code,15136.4886,3
lk-bpo,lk,bpo,go_term_frequency,14428.4170,4
lk-bpo,lk,bpo,ref_annotation_density,13097.0518,5
lk-bpo,lk,bpo,vote_count,12546.7109,6
lk-bpo,lk,bpo,neighbor_distance_std,7360.1384,7
lk-bpo,lk,bpo,neighbor_mean_distance,6476.1308,8
lk-bpo,lk,bpo,distance,3575.4412,9
lk-bpo,lk,bpo,neighbor_min_distance,3288.5599,10
lk-bpo,lk,bpo,lineage_is_ancestor_of_known,1197.5583,11
lk-bpo,lk,bpo,qualifier,313.1759,12
lk-bpo,lk,bpo,lineage_ancestor_of_count,290.9640,13
lk-bpo,lk,bpo,identity_nw,0.0000,14
lk-bpo,lk,bpo,similarity_nw,0.0000,15
lk-bpo,lk,bpo,alignment_score_nw,0.0000,16
lk-bpo,lk,bpo,gaps_pct_nw,0.0000,17
lk-bpo,lk,bpo,alignment_length_nw,0.0000,18
lk-bpo,lk,bpo,identity_sw,0.0000,19
lk-bpo,lk,bpo,similarity_sw,0.0000,20
lk-bpo,lk,bpo,alignment_score_sw,0.0000,21
lk-bpo,lk,bpo,gaps_pct_sw,0.0000,22
lk-bpo,lk,bpo,alignment_length_sw,0.0000,23
lk-bpo,lk,bpo,length_query,0.0000,24
lk-bpo,lk,bpo,length_ref,0.0000,25
lk-bpo,lk,bpo,taxonomic_distance,0.0000,26
lk-bpo,lk,bpo,taxonomic_common_ancestors,0.0000,27
lk-bpo,lk,bpo,tax_voters_same_frac,0.0000,28
lk-bpo,lk,bpo,tax_voters_close_frac,0.0000,29
lk-bpo,lk,bpo,tax_voters_mean_common_ancestors,0.0000,30
lk-bpo,lk,bpo,lineage_is_descendant_of_known,0.0000,31
lk-bpo,lk,bpo,lineage_descendant_of_count,0.0000,32
lk-bpo,lk,bpo,taxonomic_relation,0.0000,33
lk-bpo,lk,bpo,aspect,0.0000,34
lk-mfo,lk,mfo,neighbor_vote_fraction,59332.1126,1
lk-mfo,lk,mfo,evidence_code,32045.6803,2
lk-mfo,lk,mfo,go_term_frequency,24744.1612,3
lk-mfo,lk,mfo,vote_count,12511.5679,4
lk-mfo,lk,mfo,lineage_is_descendant_of_known,11640.0219,5
lk-mfo,lk,mfo,k_position,11344.3229,6
lk-mfo,lk,mfo,ref_annotation_density,5320.0217,7
lk-mfo,lk,mfo,neighbor_distance_std,4013.9593,8
lk-mfo,lk,mfo,neighbor_mean_distance,3687.0388,9
lk-mfo,lk,mfo,lineage_is_ancestor_of_known,3280.2721,10
lk-mfo,lk,mfo,neighbor_min_distance,3278.6731,11
lk-mfo,lk,mfo,lineage_descendant_of_count,1931.9205,12
lk-mfo,lk,mfo,distance,1848.7510,13
lk-mfo,lk,mfo,qualifier,1215.3509,14
lk-mfo,lk,mfo,lineage_ancestor_of_count,1208.6262,15
lk-mfo,lk,mfo,identity_nw,0.0000,16
lk-mfo,lk,mfo,similarity_nw,0.0000,17
lk-mfo,lk,mfo,alignment_score_nw,0.0000,18
lk-mfo,lk,mfo,gaps_pct_nw,0.0000,19
lk-mfo,lk,mfo,alignment_length_nw,0.0000,20
lk-mfo,lk,mfo,identity_sw,0.0000,21
lk-mfo,lk,mfo,similarity_sw,0.0000,22
lk-mfo,lk,mfo,alignment_score_sw,0.0000,23
lk-mfo,lk,mfo,gaps_pct_sw,0.0000,24
lk-mfo,lk,mfo,alignment_length_sw,0.0000,25
lk-mfo,lk,mfo,length_query,0.0000,26
lk-mfo,lk,mfo,length_ref,0.0000,27
lk-mfo,lk,mfo,taxonomic_distance,0.0000,28
lk-mfo,lk,mfo,taxonomic_common_ancestors,0.0000,29
lk-mfo,lk,mfo,tax_voters_same_frac,0.0000,30
lk-mfo,lk,mfo,tax_voters_close_frac,0.0000,31
lk-mfo,lk,mfo,tax_voters_mean_common_ancestors,0.0000,32
lk-mfo,lk,mfo,taxonomic_relation,0.0000,33
lk-mfo,lk,mfo,aspect,0.0000,34
lk-cco,lk,cco,neighbor_vote_fraction,22500.9120,1
lk-cco,lk,cco,go_term_frequency,17536.6509,2
lk-cco,lk,cco,k_position,14261.9042,3
lk-cco,lk,cco,evidence_code,9559.4869,4
lk-cco,lk,cco,vote_count,7723.8805,5
lk-cco,lk,cco,ref_annotation_density,5191.9297,6
lk-cco,lk,cco,neighbor_mean_distance,4357.1238,7
lk-cco,lk,cco,neighbor_distance_std,4309.7867,8
lk-cco,lk,cco,neighbor_min_distance,3692.1045,9
lk-cco,lk,cco,distance,1850.2107,10
lk-cco,lk,cco,qualifier,1707.0617,11
lk-cco,lk,cco,identity_nw,0.0000,12
lk-cco,lk,cco,similarity_nw,0.0000,13
lk-cco,lk,cco,alignment_score_nw,0.0000,14
lk-cco,lk,cco,gaps_pct_nw,0.0000,15
lk-cco,lk,cco,alignment_length_nw,0.0000,16
lk-cco,lk,cco,identity_sw,0.0000,17
lk-cco,lk,cco,similarity_sw,0.0000,18
lk-cco,lk,cco,alignment_score_sw,0.0000,19
lk-cco,lk,cco,gaps_pct_sw,0.0000,20
lk-cco,lk,cco,alignment_length_sw,0.0000,21
lk-cco,lk,cco,length_query,0.0000,22
lk-cco,lk,cco,length_ref,0.0000,23
lk-cco,lk,cco,taxonomic_distance,0.0000,24
lk-cco,lk,cco,taxonomic_common_ancestors,0.0000,25
lk-cco,lk,cco,tax_voters_same_frac,0.0000,26
lk-cco,lk,cco,tax_voters_close_frac,0.0000,27
lk-cco,lk,cco,tax_voters_mean_common_ancestors,0.0000,28
lk-cco,lk,cco,lineage_is_ancestor_of_known,0.0000,29
lk-cco,lk,cco,lineage_is_descendant_of_known,0.0000,30
lk-cco,lk,cco,lineage_ancestor_of_count,0.0000,31
lk-cco,lk,cco,lineage_descendant_of_count,0.0000,32
lk-cco,lk,cco,taxonomic_relation,0.0000,33
lk-cco,lk,cco,aspect,0.0000,34
pk-bpo,pk,bpo,go_term_frequency,578521.9033,1
pk-bpo,pk,bpo,lineage_descendant_of_count,339221.0465,2
pk-bpo,pk,bpo,lineage_ancestor_of_count,250375.3205,3
pk-bpo,pk,bpo,distance,161288.8161,4
pk-bpo,pk,bpo,ref_annotation_density,127620.8692,5
pk-bpo,pk,bpo,lineage_is_ancestor_of_known,126230.9043,6
pk-bpo,pk,bpo,evidence_code,123163.0683,7
pk-bpo,pk,bpo,neighbor_distance_std,118040.4285,8
pk-bpo,pk,bpo,neighbor_vote_fraction,97441.5242,9
pk-bpo,pk,bpo,neighbor_mean_distance,91150.3209,10
pk-bpo,pk,bpo,qualifier,76323.0882,11
pk-bpo,pk,bpo,vote_count,58020.9555,12
pk-bpo,pk,bpo,neighbor_min_distance,50272.1305,13
pk-bpo,pk,bpo,k_position,15034.1638,14
pk-bpo,pk,bpo,lineage_is_descendant_of_known,13583.4640,15
pk-bpo,pk,bpo,identity_nw,0.0000,16
pk-bpo,pk,bpo,similarity_nw,0.0000,17
pk-bpo,pk,bpo,alignment_score_nw,0.0000,18
pk-bpo,pk,bpo,gaps_pct_nw,0.0000,19
pk-bpo,pk,bpo,alignment_length_nw,0.0000,20
pk-bpo,pk,bpo,identity_sw,0.0000,21
pk-bpo,pk,bpo,similarity_sw,0.0000,22
pk-bpo,pk,bpo,alignment_score_sw,0.0000,23
pk-bpo,pk,bpo,gaps_pct_sw,0.0000,24
pk-bpo,pk,bpo,alignment_length_sw,0.0000,25
pk-bpo,pk,bpo,length_query,0.0000,26
pk-bpo,pk,bpo,length_ref,0.0000,27
pk-bpo,pk,bpo,taxonomic_distance,0.0000,28
pk-bpo,pk,bpo,taxonomic_common_ancestors,0.0000,29
pk-bpo,pk,bpo,tax_voters_same_frac,0.0000,30
pk-bpo,pk,bpo,tax_voters_close_frac,0.0000,31
pk-bpo,pk,bpo,tax_voters_mean_common_ancestors,0.0000,32
pk-bpo,pk,bpo,taxonomic_relation,0.0000,33
pk-bpo,pk,bpo,aspect,0.0000,34
pk-mfo,pk,mfo,go_term_frequency,374895.5363,1
pk-mfo,pk,mfo,lineage_ancestor_of_count,248660.5207,2
pk-mfo,pk,mfo,lineage_descendant_of_count,189347.4298,3
pk-mfo,pk,mfo,lineage_is_ancestor_of_known,81048.4096,4
pk-mfo,pk,mfo,evidence_code,69770.6822,5
pk-mfo,pk,mfo,neighbor_vote_fraction,57335.1584,6
pk-mfo,pk,mfo,ref_annotation_density,37517.7157,7
pk-mfo,pk,mfo,qualifier,36914.3069,8
pk-mfo,pk,mfo,neighbor_distance_std,33896.1841,9
pk-mfo,pk,mfo,vote_count,28188.0816,10
pk-mfo,pk,mfo,neighbor_mean_distance,27286.5118,11
pk-mfo,pk,mfo,distance,20240.9742,12
pk-mfo,pk,mfo,lineage_is_descendant_of_known,15443.1625,13
pk-mfo,pk,mfo,neighbor_min_distance,15329.2875,14
pk-mfo,pk,mfo,k_position,7578.2673,15
pk-mfo,pk,mfo,identity_nw,0.0000,16
pk-mfo,pk,mfo,similarity_nw,0.0000,17
pk-mfo,pk,mfo,alignment_score_nw,0.0000,18
pk-mfo,pk,mfo,gaps_pct_nw,0.0000,19
pk-mfo,pk,mfo,alignment_length_nw,0.0000,20
pk-mfo,pk,mfo,identity_sw,0.0000,21
pk-mfo,pk,mfo,similarity_sw,0.0000,22
pk-mfo,pk,mfo,alignment_score_sw,0.0000,23
pk-mfo,pk,mfo,gaps_pct_sw,0.0000,24
pk-mfo,pk,mfo,alignment_length_sw,0.0000,25
pk-mfo,pk,mfo,length_query,0.0000,26
pk-mfo,pk,mfo,length_ref,0.0000,27
pk-mfo,pk,mfo,taxonomic_distance,0.0000,28
pk-mfo,pk,mfo,taxonomic_common_ancestors,0.0000,29
pk-mfo,pk,mfo,tax_voters_same_frac,0.0000,30
pk-mfo,pk,mfo,tax_voters_close_frac,0.0000,31
pk-mfo,pk,mfo,tax_voters_mean_common_ancestors,0.0000,32
pk-mfo,pk,mfo,taxonomic_relation,0.0000,33
pk-mfo,pk,mfo,aspect,0.0000,34
pk-cco,pk,cco,go_term_frequency,828586.2886,1
pk-cco,pk,cco,lineage_ancestor_of_count,662706.4324,2
pk-cco,pk,cco,lineage_is_ancestor_of_known,454400.8180,3
pk-cco,pk,cco,lineage_descendant_of_count,412110.2395,4
pk-cco,pk,cco,qualifier,165420.4798,5
pk-cco,pk,cco,lineage_is_descendant_of_known,150885.1419,6
pk-cco,pk,cco,neighbor_vote_fraction,89864.6294,7
pk-cco,pk,cco,evidence_code,84491.5866,8
pk-cco,pk,cco,ref_annotation_density,60990.9844,9
pk-cco,pk,cco,neighbor_distance_std,43469.1176,10
pk-cco,pk,cco,neighbor_mean_distance,34457.1862,11
pk-cco,pk,cco,vote_count,30973.3871,12
pk-cco,pk,cco,neighbor_min_distance,24326.4261,13
pk-cco,pk,cco,distance,24237.7607,14
pk-cco,pk,cco,k_position,9221.1074,15
pk-cco,pk,cco,identity_nw,0.0000,16
pk-cco,pk,cco,similarity_nw,0.0000,17
pk-cco,pk,cco,alignment_score_nw,0.0000,18
pk-cco,pk,cco,gaps_pct_nw,0.0000,19
pk-cco,pk,cco,alignment_length_nw,0.0000,20
pk-cco,pk,cco,identity_sw,0.0000,21
pk-cco,pk,cco,similarity_sw,0.0000,22
pk-cco,pk,cco,alignment_score_sw,0.0000,23
pk-cco,pk,cco,gaps_pct_sw,0.0000,24
pk-cco,pk,cco,alignment_length_sw,0.0000,25
pk-cco,pk,cco,length_query,0.0000,26
pk-cco,pk,cco,length_ref,0.0000,27
pk-cco,pk,cco,taxonomic_distance,0.0000,28
pk-cco,pk,cco,taxonomic_common_ancestors,0.0000,29
pk-cco,pk,cco,tax_voters_same_frac,0.0000,30
pk-cco,pk,cco,tax_voters_close_frac,0.0000,31
pk-cco,pk,cco,tax_voters_mean_common_ancestors,0.0000,32
pk-cco,pk,cco,taxonomic_relation,0.0000,33
pk-cco,pk,cco,aspect,0.0000,34
